movieId,imdbId,tmdbId,tmdb_rating
1,0114709,862,0.8
2,0113497,8844,0.72
3,0113228,15602,0.65
4,0114885,31357,0.63
5,0113041,11862,0.62
6,0113277,949,0.79
7,0114319,11860,0.62
8,0112302,45325,0.53
9,0114576,9091,0.6
10,0113189,710,0.69
11,0112346,9087,0.65
12,0112896,12110,0.61
13,0112453,21032,0.73
14,0113987,10858,0.69
15,0112760,1408,0.58
16,0112641,524,0.8
17,0114388,4584,0.74
18,0113101,5,0.58
19,0112281,9273,0.63
20,0113845,11517,0.58
21,0113161,8012,0.65
22,0112722,1710,0.65
23,0112401,9691,0.65
24,0114168,12665,0.7
25,0113627,451,0.73
26,0114057,16420,0.64
27,0114011,9263,0.69
28,0114117,17015,0.71
29,0112682,902,0.72
30,0115012,37557,0.68
31,0112792,9909,0.7
32,0114746,63,0.76
34,0112431,9598,0.62
36,0112818,687,0.73
38,0113442,33689,0.65
39,0112697,9603,0.73
40,0112749,34615,0.67
41,0114279,31174,0.67
42,0112819,11443,0.66
43,0114272,35196,0.6
44,0113855,9312,0.59
45,0114681,577,0.66
46,0113347,11861,0.64
47,0114369,807,0.84
48,0114148,10530,0.69
49,0114916,8391,0.62
50,0114814,629,0.82
52,0113819,11448,0.67
53,0110299,49133,0.71
54,0112499,26441,0.56
55,0113158,97406,0.59
57,0113321,9089,0.63
58,0110877,11010,0.79
60,0113419,11359,0.65
61,0116260,17182,0.61
62,0113862,2054,0.7
63,0116126,10607,0.7
64,0118002,19760,0.49
65,0115683,9536,0.45
66,0116839,11525,0.31
68,0113149,4482,0.61
69,0113118,10634,0.72
70,0116367,755  ,0.7
71,0113010,11859,0.51
72,0113537,28387,0.62
73,0113828,48750,0.67
74,0115644,20927,0.58
75,0115676,36929,0.45
76,0114367,9102,0.62
77,0113973,124626,0.75
78,0112744,27526,0.6
79,0116731,9623,0.56
80,0112445,46785,0.75
81,0114660,400,0.65
82,0112379,880,0.7
83,0114039,146599,0.43
85,0112365,8447,0.64
86,0118158,10534,0.63
87,0116151,17414,0.54
88,0115697,13997,0.6
89,0113972,2086,0.62
92,0117002,9095,0.58
93,0114825,12158,0.51
94,0115639,9283,0.67
95,0115759,9208,0.6
96,0113403,40154,0.7
97,0113247,406,0.81
99,0113283,63076,0.66
100,0115907,11062,0.59
101,0115734,13685,0.67
102,0117102,47475,0.4
103,0118040,2045,0.56
104,0116483,9614,0.66
105,0112579,688,0.77
106,0110251,11907,0.63
107,0117110,10874,0.66
108,0112646,89333,0.75
110,0112573,197,0.79
111,0075314,103,0.81
112,0113326,33542,0.68
113,0115645,43566,0.59
116,0112373,51352,0.76
117,0115033,16934,0.66
118,0116606,10324,0.51
119,0114536,78406,0.43
121,0106473,32119,0.72
122,0103859,11066,0.57
123,0109424,11104,0.8
125,0116324,2074,0.62
126,0110647,27793,0.45
128,0110217,290157,0.71
129,0114131,110972,0.66
132,0113451,11863,0.54
135,0116130,9101,0.63
137,0113756,5757,0.31
140,0118055,9302,0.63
141,0115685,11000,0.7
144,0112585,16388,0.6
145,0112442,9737,0.68
146,0112342,30765,0.56
147,0112461,10474,0.74
148,0112427,22279,0.67
149,0109093,30157,0.63
150,0112384,568,0.75
151,0114287,11780,0.67
152,0112288,34996,0.65
153,0112462,414,0.54
154,0061395,649,0.74
155,0112495,1873,0.66
156,0112541,5894,0.65
157,0109370,1775,0.58
158,0112642,8839,0.63
159,0112688,20649,0.67
160,0112715,10329,0.55
161,0112740,8963,0.72
162,0109508,26564,0.75
163,0112851,8068,0.69
164,0112857,8512,0.64
165,0112864,1572,0.73
166,0112887,13552,0.64
168,0113071,6520,0.61
169,0113114,9073,0.59
170,0113243,10428,0.63
171,0113464,17447,0.62
172,0113481,9886,0.58
173,0113492,9482,0.58
174,0113500,19326,0.44
175,0113540,9344,0.69
176,0113677,9071,0.72
177,0113690,8973,0.6
178,0107447,15730,0.58
179,0113729,47608,0.52
180,0113749,2293,0.68
181,0113820,9070,0.58
183,0110604,48787,0.64
184,0110620,34574,0.57
185,0113957,1642,0.6
186,0113986,11472,0.57
187,0114095,36196,0.64
188,0114194,11980,0.65
189,0114241,58372,0.64
190,0114323,32646,0.7
191,0114345,10533,0.6
193,0114436,10802,0.56
194,0114478,10149,0.72
195,0114496,18402,0.57
196,0114508,9348,0.6
198,0114558,281,0.7
199,0058450,5967,0.74
201,0114663,47939,0.62
202,0114702,36834,0.64
203,0114682,9090,0.73
204,0114781,3512,0.58
205,0114798,52856,0.59
206,0114805,77350,0.55
207,0114887,9560,0.73
208,0114898,9804,0.62
209,0114928,31611,0.5
210,0114938,65796,0.57
211,0109340,49805,0.65
212,0112602,26258,0.52
213,0111579,50797,0.71
214,0110882,19155,0.73
215,0112471,76,0.8
216,0112508,11017,0.62
217,0112438,37141,0.52
218,0112571,9382,0.63
219,0112757,6715,0.79
220,0112643,18256,0.62
222,0112679,22625,0.62
223,0109445,2292,0.74
224,0112883,1909,0.67
225,0109635,8984,0.63
227,0109676,4954,0.57
228,0112854,62488,0.52
229,0109579,10531,0.71
230,0109642,11929,0.73
231,0109686,8467,0.66
232,0111797,10451,0.76
233,0109759,20156,0.66
234,0109758,18395,0.41
235,0109707,522,0.75
236,0113117,397,0.64
237,0113097,10525,0.62
238,0113028,27985,0.61
239,0113198,15789,0.7
240,0113303,27303,0.52
241,0113089,21183,0.71
242,0109771,10954,0.66
243,0113199,47867,0.52
246,0110057,14275,0.76
247,0110005,1024,0.7
248,0110066,17207,0.55
249,0110116,13701,0.71
250,0110006,14819,0.61
251,0113360,32631,0.57
252,0110099,11777,0.6
253,0110148,628,0.74
254,0113463,87729,0.51
255,0110189,18713,0.42
256,0110216,6280,0.52
257,0113501,9061,0.62
258,0113538,37108,0.49
259,0113552,6071,0.56
260,0076759,11,0.82
261,0110367,9587,0.73
262,0113670,19101,0.76
263,0110296,49980,0.72
265,0103994,18183,0.73
266,0110322,4476,0.74
267,0110443,11008,0.64
269,0107566,32325,0.71
270,0110391,43742,0.54
271,0113691,28313,0.64
272,0110428,11318,0.68
273,0109836,3036,0.64
274,0113755,40490,0.53
275,0110538,24070,0.54
276,0110516,8986,0.63
277,0110527,10510,0.67
278,0113808,17402,0.53
279,0113896,38722,0.76
280,0113870,8438,0.72
281,0110684,11593,0.68
282,0110638,1945,0.66
283,0113967,39310,0.61
284,0117169,109560,0.33
285,0106402,56428,0.5
287,0110671,131957,0.57
288,0110632,241,0.71
289,0110737,9058,0.68
290,0110729,527,0.74
291,0114151,18220,0.47
292,0114069,6950,0.66
293,0110413,101,0.83
294,0114113,63020,0.63
295,0114210,2307,0.49
296,0110912,680,0.85
298,0105652,25296,0.73
299,0110889,40156,0.64
300,0110932,11450,0.73
301,0114129,30304,0.63
302,0110963,10452,0.72
303,0114214,12106,0.65
304,0114296,161495,0.62
305,0110907,3586,0.52
306,0111495,110,0.79
307,0108394,108,0.77
308,0111507,109,0.75
310,0114268,36357,0.55
311,0110965,92769,0.5
312,0114571,28033,0.52
313,0111333,22586,0.66
314,0111112,14334,0.67
315,0111255,2636,0.59
316,0111282,2164,0.7
317,0111070,11395,0.65
318,0111161,278,0.87
319,0111149,9905,0.7
320,0108260,87078,0.64
321,0106966,12527,0.71
322,0114594,20306,0.66
324,0111309,36614,0.68
325,0113936,27993,0.54
326,0110081,31439,0.8
327,0114614,9067,0.54
328,0114608,9059,0.69
329,0111280,193,0.65
330,0114609,25066,0.63
331,0111454,46797,0.6
332,0114852,12122,0.61
333,0114694,11381,0.68
334,0111590,32636,0.65
335,0114788,36141,0.56
336,0114888,95963,0.62
337,0108550,1587,0.77
338,0114857,9271,0.55
339,0114924,2064,0.7
340,0111667,19855,0.66
341,0109655,60855,0.66
342,0110598,236,0.68
343,0112435,48287,0.54
344,0109040,3049,0.66
345,0109045,2759,0.73
346,0106339,12635,0.61
347,0104779,10497,0.71
348,0109348,11382,0.71
349,0109444,9331,0.66
350,0109446,10731,0.67
351,0109484,10464,0.67
352,0109504,34152,0.68
353,0109506,9495,0.75
354,0109450,29973,0.6
355,0109813,888,0.53
356,0109830,13,0.85
357,0109831,712,0.68
358,0113305,16295,0.63
359,0110091,48992,0.64
360,0110093,10879,0.55
361,0110167,10660,0.66
362,0110213,10714,0.59
363,0107472,41647,0.71
364,0110357,8587,0.83
365,0107426,1689,0.63
366,0111686,11596,0.64
367,0110475,854,0.7
368,0110478,9359,0.69
369,0110588,23333,0.6
370,0110622,36593,0.65
371,0110771,12280,0.66
372,0110950,2788,0.66
373,0105226,10427,0.67
374,0110989,11011,0.59
376,0110997,8987,0.64
377,0111257,1637,0.71
378,0111256,15128,0.59
379,0111438,8831,0.6
380,0111503,36955,0.71
381,0111693,10449,0.65
382,0111742,10395,0.61
383,0111756,12160,0.68
384,0112443,40480,0.48
385,0110455,52038,0.63
386,0111048,29444,0.6
387,0110399,26352,0.56
388,0112570,39953,0.48
389,0109454,41580,0.64
390,0059170,315,0.63
391,0110186,22067,0.68
393,0111301,11667,0.46
405,0110027,8011,0.47
406,0109785,171857,0.48
407,0113409,2654,0.72
408,0109021,18069,0.73
409,0109035,19092,0.69
410,0106220,2758,0.7
412,0106226,10436,0.7
413,0109068,13595,0.61
414,0109067,46094,0.62
415,0106292,9409,0.55
416,0109198,11853,0.54
417,0109219,16771,0.62
418,0106379,46924,0.5
419,0106400,11041,0.63
420,0109254,306,0.59
421,0109279,14522,0.67
422,0109297,26203,0.62
423,0109303,178,0.62
424,0109305,19819,0.61
425,0109306,57834,0.6
426,0106452,4722,0.61
427,0106471,18215,0.51
428,0106489,1607,0.79
429,0109361,26391,0.51
430,0106505,117553,0.52
431,0106519,6075,0.78
432,0109439,11310,0.52
433,0109443,18658,0.58
434,0106582,9350,0.65
435,0106598,9612,0.54
436,0109456,2124,0.57
437,0109480,26261,0.51
438,0109493,19176,0.56
440,0106673,11566,0.67
441,0106677,9571,0.73
442,0106697,9739,0.67
444,0106834,34444,0.44
445,0106873,26141,0.54
446,0106332,10997,0.8
448,0106881,10443,0.69
449,0106880,20239,0.6
450,0111732,16297,0.68
451,0106926,18551,0.6
452,0111712,25440,0.62
453,0106941,9024,0.62
454,0106918,37233,0.67
455,0106965,1634,0.62
456,0109842,13815,0.72
457,0106977,5503,0.75
458,0107004,35588,0.63
459,0109890,2087,0.57
460,0109891,41579,0.52
461,0109913,18620,0.46
464,0107076,2019,0.64
466,0107144,9255,0.65
467,0113674,26271,0.45
468,0112966,10612,0.63
469,0107151,2259,0.69
470,0110064,16097,0.51
471,0110074,11934,0.71
472,0110097,106143,0.56
473,0110123,12475,0.51
474,0107206,9386,0.7
475,0107207,7984,0.79
476,0110137,59930,0.54
477,0108551,15765,0.71
478,0110197,31643,0.52
479,0107286,6,0.65
480,0107290,329,0.8
481,0107302,10909,0.66
482,0110265,507,0.63
484,0110305,29918,0.61
485,0107362,9593,0.65
486,0107413,42580,0.57
487,0110353,22317,0.56
488,0107468,1413,0.66
489,0107478,12121,0.55
490,0107497,2246,0.63
491,0107501,10502,0.65
492,0107507,10440,0.73
493,0107554,9516,0.75
494,0116253,2320,0.63
495,0074102,5879,0.66
496,0111689,83718,0.7
497,0107616,11971,0.7
499,0107613,31911,0.57
500,0107614,788,0.72
501,0107653,21450,0.73
502,0110657,11231,0.54
504,0110678,10447,0.63
505,0110687,31586,0.5
506,0107756,9300,0.69
507,0107808,9559,0.75
508,0107818,9800,0.77
509,0107822,713,0.74
510,0107840,8291,0.69
511,0107889,18133,0.64
512,0111003,25557,0.57
513,0110939,22588,0.6
514,0110955,10872,0.66
515,0107943,1245,0.74
516,0110971,11858,0.61
517,0107969,7007,0.62
518,0111001,10467,0.56
519,0107978,5550,0.49
520,0107977,8005,0.66
521,0107983,2088,0.62
522,0105275,10412,0.66
523,0108000,47889,0.6
524,0108002,14534,0.74
526,0105032,41878,0.66
527,0108052,424,0.86
528,0111094,35233,0.52
529,0108065,14291,0.71
531,0108071,11236,0.74
532,0111127,11592,0.67
533,0111143,8850,0.61
534,0108101,10445,0.69
535,0108122,695,0.72
536,0111194,43535,0.6
537,0111201,12519,0.56
538,0108149,23210,0.64
539,0108160,858,0.67
540,0108162,867,0.55
541,0083658,78,0.79
542,0108186,13203,0.6
543,0108174,10442,0.61
544,0108238,11074,0.58
546,0108255,9607,0.44
547,0111323,17585,0.61
548,0111400,9057,0.53
549,0108328,20967,0.71
550,0111418,10635,0.64
551,0107688,9479,0.78
552,0108333,10057,0.64
553,0108358,11969,0.76
555,0108399,319,0.75
556,0108515,26408,0.7
558,0110763,15139,0.64
562,0114906,11446,0.71
563,0107002,51980,0.67
564,0109403,24405,0.53
567,0107315,8223,0.65
568,0106408,14587,0.53
569,0110363,31504,0.57
573,0107225,23637,0.72
574,0111252,17600,0.56
575,0110366,10897,0.68
577,0109120,21352,0.53
579,0108059,68806,0.65
580,0110892,37345,0.54
581,0112651,32562,0.72
583,0109382,25403,0.74
585,0112572,9066,0.61
586,0099785,771,0.74
587,0099653,251,0.72
588,0103639,812,0.77
589,0103064,280,0.81
590,0099348,581,0.78
592,0096895,268,0.72
593,0102926,274,0.83
594,0029583,408,0.71
595,0101414,10020,0.77
596,0032910,10895,0.71
597,0100405,114,0.75
599,0065214,576,0.76
600,0110395,15477,0.57
602,0109934,124472,0.62
605,0117247,7300,0.64
606,0112625,10824,0.54
608,0116282,275,0.79
609,0116552,25059,0.66
610,0082509,11827,0.65
611,0116514,8766,0.53
612,0117283,23570,0.49
613,0116684,47333,0.69
615,0070506,51242,0.72
616,0065421,10112,0.73
617,0113083,4307,0.68
618,0118001,46029,0.53
619,0116165,32308,0.41
626,0117891,28121,0.57
627,0113613,12520,0.66
628,0117381,1592,0.77
631,0115509,19042,0.59
632,0114671,38884,0.74
633,0112844,47449,0.65
634,0114658,36259,0.36
635,0116275,41852,0.64
636,0113122,40926,0.41
637,0117608,9099,0.58
638,0113448,2021,0.67
639,0116414,61752,0.5
640,0116095,10988,0.55
645,0113947,12652,0.69
647,0115956,10684,0.65
648,0117060,954,0.7
649,0109028,68445,0.65
650,0117071,18989,0.61
653,0116136,8840,0.65
656,0116168,11107,0.54
661,0116683,10539,0.66
662,0116287,10543,0.64
663,0116768,18414,0.61
665,0114787,11902,0.78
667,0112536,25087,0.54
668,0048473,5801,0.8
670,0052572,896,0.81
671,0117128,3065,0.66
673,0117705,2300,0.68
674,0062711,8069,0.6
678,0108181,27768,0.67
679,0114307,221917,0.68
680,0058898,8072,0.7
685,0113443,33245,0.63
688,0114048,27281,0.52
691,0117104,40001,0.72
692,0117688,29621,0.46
694,0117774,20762,0.69
695,0114736,37144,0.57
697,0116289,12656,0.54
698,0109593,38867,0.43
700,0112368,25969,0.65
703,0115742,43634,0.54
704,0117420,9103,0.62
706,0117784,29649,0.61
707,0117107,10990,0.59
708,0117979,8866,0.6
709,0095776,12233,0.67
710,0115851,23449,0.53
711,0116322,36355,0.55
714,0112817,922,0.73
715,0113362,11876,0.65
718,0108500,11687,0.71
719,0117108,9304,0.58
720,0118114,503475,0.75
722,0113270,73183,0.76
724,0115963,9100,0.68
725,0116448,20759,0.52
726,0116827,46063,0.57
728,0112701,32513,0.67
731,0116508,36915,0.51
733,0117500,9802,0.71
735,0109592,21588,0.69
736,0117998,664,0.65
737,0115624,11867,0.4
741,0113568,9323,0.79
742,0117894,10280,0.59
743,0117723,10535,0.54
745,0112691,532,0.76
747,0117768,16299,0.47
748,0115571,10547,0.6
750,0057012,935,0.81
757,0109688,40751,0.71
759,0110480,85778,0.7
760,0108211,11101,0.73
761,0117331,9826,0.52
762,0117765,9879,0.55
764,0113280,22621,0.66
765,0116669,7095,0.63
766,0116594,26890,0.62
773,0070820,77771,0.67
775,0063715,41225,0.62
778,0117951,627,0.8
779,0118523,32872,0.39
780,0116629,602,0.69
781,0117737,14553,0.67
782,0116277,9566,0.6
783,0116583,10545,0.71
784,0115798,9894,0.6
785,0116778,11543,0.65
786,0116213,9268,0.61
788,0117218,9327,0.56
790,0111546,81949,0.59
791,0113610,,
795,0111237,44535,0.52
798,0116040,11228,0.61
799,0116365,10779,0.69
800,0116905,26748,0.7
801,0116493,38223,0.6
802,0117333,9294,0.64
803,0118113,49963,0.6
804,0117628,11363,0.55
805,0117913,1645,0.74
806,0115530,31546,0.55
808,0115493,36344,0.58
809,0116320,18550,0.55
810,0116756,11511,0.42
813,0116823,34170,0.55
818,0118073,12606,0.58
823,0061495,4837,0.69
824,0110246,12632,0.61
828,0115472,18975,0.53
829,0116707,11962,0.57
830,0116313,2925,0.67
832,0117438,3595,0.67
833,0116531,9308,0.55
835,0116353,18555,0.6
836,0115857,12123,0.57
837,0117008,10830,0.72
838,0116191,3573,0.67
839,0115986,10546,0.55
840,0116571,18862,0.53
841,0053459,31417,0.76
842,0117826,9431,0.59
848,0117718,47907,0.65
849,0116225,10061,0.59
851,0115632,549,0.66
852,0117918,10478,0.6
858,0068646,238,0.87
861,0104558,11134,0.68
866,0115736,9303,0.72
867,0115836,23945,0.5
869,0116745,22479,0.63
870,0119214,9054,0.48
875,0110693,410921,0.2
876,0106544,38955,0.57
879,0120004,11015,0.6
880,0116654,9306,0.49
881,0116311,12559,0.57
882,0117965,58770,0.58
885,0115725,3587,0.58
886,0115783,10723,0.57
888,0113596,19004,0.62
889,0109001,101230,0.48
891,0113253,10987,0.52
892,0117991,44705,0.69
893,0117093,20318,0.67
896,0111019,26933,0.71
897,0035896,27854,0.65
898,0032904,981,0.76
899,0045152,872,0.82
900,0043278,2769,0.7
901,0050419,13320,0.7
902,0054698,164,0.77
903,0052357,426,0.82
904,0047396,567,0.84
905,0025316,3078,0.78
906,0036855,13528,0.75
907,0025164,28288,0.68
908,0053125,213,0.8
909,0053604,284,0.82
910,0053291,239,0.81
911,0056923,4808,0.77
912,0034583,289,0.82
913,0033870,963,0.77
914,0058385,11113,0.75
915,0047437,6620,0.75
916,0046250,804,0.79
917,0031580,26531,0.67
918,0037059,909,0.7
919,0032138,630,0.76
920,0031381,770,0.79
921,0084370,31044,0.68
922,0043014,599,0.83
923,0033467,15,0.8
924,0062622,62,0.81
926,0042192,705,0.81
927,0032143,22490,0.7
928,0032976,223,0.79
929,0032484,25670,0.7
930,0038787,303,0.77
931,0038109,4174,0.74
932,0050105,8356,0.74
933,0048728,381,0.73
934,0042451,20758,0.7
935,0045537,29376,0.71
936,0031725,1859,0.75
937,0050658,18299,0.7
938,0051658,17281,0.62
940,0029843,10907,0.74
941,0032762,32093,0.7
942,0037008,1939,0.76
943,0039420,22292,0.75
944,0029162,3598,0.7
945,0027125,3080,0.73
946,0035446,198,0.78
947,0028010,13562,0.76
948,0049261,1712,0.76
949,0048028,220,0.76
950,0025878,3529,0.75
951,0032599,3085,0.74
952,0048960,2897,0.66
953,0038650,1585,0.83
954,0031679,3083,0.79
955,0029947,900,0.75
956,0034012,43795,0.65
959,0025586,43905,0.64
961,0027893,23114,0.69
963,0041509,40206,0.64
965,0026029,260,0.74
968,0063350,10331,0.76
969,0043265,488,0.73
970,0046414,22733,0.62
971,0051459,261,0.76
973,0033891,32574,0.73
976,0022879,22649,0.62
979,0114007,125587,0.45
981,0118927,52855,0.44
982,0048491,39940,0.63
984,0117357,85328,0.41
986,0116329,11076,0.69
987,0118742,63945,0.55
988,0116442,58985,0.63
990,0117011,10861,0.57
991,0117039,1770,0.69
993,0116635,2033,0.62
994,0115678,18203,0.69
996,0116830,9333,0.63
998,0117603,9400,0.72
999,0115438,9401,0.62
1003,0116259,11306,0.6
1004,0116421,9625,0.54
1005,0116000,10680,0.59
1006,0115862,6346,0.6
1007,0072653,18660,0.65
1008,0047977,35115,0.64
1009,0072951,14821,0.64
1010,0064603,14136,0.65
1011,0071607,10869,0.61
1012,0050798,22660,0.69
1013,0055277,19186,0.7
1014,0054195,31102,0.7
1015,0107131,6878,0.7
1016,0053271,15944,0.61
1017,0054357,18444,0.69
1018,0059793,20723,0.65
1019,0046672,173,0.7
1020,0106611,864,0.7
1021,0109127,24795,0.59
1022,0042332,11224,0.7
1023,0063819,81310,0.73
1024,0038166,15947,0.63
1025,0057546,9078,0.72
1027,0102798,8367,0.69
1028,0058331,433,0.76
1029,0033563,11360,0.7
1030,0076538,11114,0.63
1031,0066817,12335,0.7
1032,0043274,12092,0.72
1033,0082406,10948,0.71
1034,0116361,11229,0.64
1035,0059742,15121,0.77
1036,0095016,562,0.78
1037,0104692,10163,0.56
1040,0117582,47199,0.54
1041,0117589,11159,0.76
1042,0117887,9591,0.69
1043,0117924,30500,0.55
1046,0115640,10938,0.73
1047,0116908,11412,0.66
1049,0116409,10586,0.68
1050,0116913,42314,0.68
1051,0117958,27845,0.69
1053,0117202,23223,0.61
1054,0116404,49471,0.66
1055,0120107,38153,0.49
1056,0116722,25147,0.63
1057,0116242,9716,0.64
1059,0117509,454,0.68
1060,0117802,10218,0.69
1061,0117665,819,0.76
1064,0115491,11238,0.63
1066,0029546,31530,0.72
1068,0039286,28120,0.66
1073,0067992,252,0.75
1076,0055018,16372,0.74
1077,0070707,11561,0.69
1078,0066808,11302,0.67
1079,0095159,623,0.72
1080,0079470,583,0.78
1081,0084865,12614,0.73
1082,0068334,21711,0.65
1083,0059243,11575,0.71
1084,0061418,475,0.75
1085,0052027,11331,0.65
1086,0046912,521,0.8
1088,0092890,88,0.73
1089,0105236,500,0.81
1090,0091763,792,0.77
1091,0098627,8491,0.64
1092,0103772,402,0.69
1093,0101761,10537,0.71
1094,0104036,11386,0.68
1095,0104348,9504,0.74
1096,0084707,15764,0.73
1097,0083866,601,0.75
1099,0029992,25842,0.71
1100,0099371,2119,0.64
1101,0092099,744,0.71
1103,0048545,221,0.75
1104,0044081,702,0.76
1105,0115885,25750,0.44
1107,0102336,,
1111,0117040,9305,0.75
1112,0117284,37616,0.58
1114,0116378,21612,0.68
1116,0113057,102461,0.61
1117,0116581,36998,0.74
1119,0112907,116844,0.33
1120,0117318,1630,0.7
1121,0116422,26626,0.51
1123,0117320,124837,0.56
1124,0082846,11816,0.72
1125,0072081,11843,0.68
1126,0101775,10379,0.59
1127,0096754,2756,0.74
1128,0080749,790,0.67
1129,0082340,1103,0.71
1130,0082533,11298,0.66
1131,0091288,4480,0.77
1132,0091480,4481,0.76
1135,0081375,10765,0.59
1136,0071853,762,0.78
1137,0116587,44497,0.53
1140,0116212,99479,0.55
1144,0116886,124829,0.7
1147,0118147,10548,0.77
1148,0108598,531,0.78
1150,0084589,4483,0.66
1151,0109781,18919,0.75
1156,0034493,61461,0.76
1161,0078875,659,0.69
1162,0069198,30892,0.65
1163,0110521,86369,0.63
1167,0116059,38554,0.55
1170,0112483,36555,0.54
1171,0103850,10608,0.65
1172,0095765,11216,0.85
1173,0097108,7452,0.73
1175,0101700,892,0.73
1176,0101765,1600,0.75
1177,0101811,26561,0.66
1178,0050825,975,0.83
1179,0099703,18129,0.65
1180,0102014,54405,0.59
1183,0116209,409,0.72
1184,0102426,38251,0.76
1185,0097937,10161,0.75
1186,0098724,1412,0.69
1187,0105107,41768,0.67
1188,0105488,10409,0.66
1189,0096257,14285,0.77
1190,0101026,2469,0.69
1191,0102370,10174,0.62
1192,0100332,31225,0.8
1193,0073486,510,0.84
1194,0078446,11455,0.67
1196,0080684,1891,0.84
1197,0093779,2493,0.77
1198,0082971,85,0.79
1199,0088846,68,0.77
1200,0090605,679,0.79
1201,0060196,429,0.85
1202,0094336,13446,0.73
1203,0050083,389,0.85
1204,0056172,947,0.8
1206,0066921,185,0.82
1207,0056592,595,0.8
1208,0078788,28,0.83
1209,0064116,335,0.83
1210,0086190,1892,0.79
1211,0093191,144,0.78
1212,0041959,1092,0.79
1213,0099685,769,0.85
1214,0078748,348,0.82
1215,0106308,766,0.73
1216,0095250,175,0.75
1217,0089881,11645,0.81
1218,0097202,10835,0.76
1219,0054215,539,0.84
1220,0080455,525,0.77
1221,0071562,240,0.86
1222,0093058,600,0.81
1223,0104361,530,0.75
1224,0097499,10705,0.72
1225,0086879,279,0.8
1226,0045061,3109,0.73
1227,0087843,311,0.84
1228,0081398,1578,0.79
1230,0075686,703,0.77
1231,0086197,9549,0.74
1232,0079944,1398,0.82
1233,0082096,387,0.81
1234,0070735,9277,0.8
1235,0067185,343,0.76
1236,0103130,37291,0.68
1237,0050976,490,0.82
1238,0085859,11235,0.67
1240,0088247,218,0.77
1241,0103873,763,0.74
1242,0097441,9665,0.75
1243,0100519,18971,0.69
1244,0079522,696,0.77
1245,0100150,379,0.75
1246,0097165,207,0.83
1247,0061722,37247,0.76
1248,0052311,1480,0.78
1249,0100263,9322,0.71
1250,0050212,826,0.78
1251,0056801,422,0.82
1252,0071315,829,0.79
1253,0043456,828,0.75
1254,0040897,3090,0.8
1255,0092610,9964,0.63
1256,0023969,3063,0.73
1257,0088794,13667,0.66
1258,0081505,694,0.82
1259,0092005,235,0.79
1260,0022100,832,0.81
1261,0092991,765,0.76
1262,0057115,5925,0.79
1263,0077416,11778,0.8
1264,0082269,4485,0.67
1265,0107048,137,0.76
1266,0105695,33,0.79
1267,0056218,982,0.75
1268,0100436,8428,0.71
1269,0036613,212,0.76
1270,0088763,105,0.83
1271,0101921,1633,0.77
1272,0066206,11202,0.75
1273,0090967,1554,0.74
1274,0094625,149,0.79
1275,0091203,8009,0.69
1276,0061512,903,0.77
1277,0099334,11673,0.73
1278,0072431,3034,0.79
1279,0102536,339,0.75
1280,0101640,10404,0.79
1281,0032553,914,0.83
1282,0032455,756,0.74
1283,0044706,288,0.77
1284,0038355,910,0.76
1285,0097493,2640,0.73
1286,0081534,16633,0.75
1287,0052618,665,0.79
1288,0088258,11031,0.74
1289,0085809,11314,0.79
1290,0094006,15143,0.69
1291,0097576,89,0.79
1292,0078841,10322,0.76
1293,0083987,783,0.76
1295,0096332,10644,0.69
1296,0091867,11257,0.7
1297,0089886,14370,0.67
1298,0084503,12104,0.8
1299,0087553,625,0.75
1300,0089606,8816,0.72
1301,0049223,830,0.73
1302,0097351,2323,0.71
1303,0073341,983,0.75
1304,0064115,642,0.76
1305,0087884,655,0.81
1306,0101458,10341,0.68
1307,0098635,639,0.74
1310,0116589,30180,0.75
1312,0116293,41801,0.51
1318,0112537,18762,0.4
1320,0103644,8077,0.64
1321,0082010,814,0.74
1322,0103678,41671,0.47
1323,0085159,27214,0.46
1324,0115535,52263,0.45
1325,0106262,33519,0.41
1326,0083550,16235,0.56
1327,0078767,11449,0.63
1328,0099030,41848,0.39
1329,0071233,25944,0.57
1330,0090655,24913,0.6
1331,0075704,49126,0.56
1332,0092632,32076,0.6
1333,0056869,571,0.75
1334,0051418,8851,0.62
1335,0082083,37843,0.49
1336,0101492,32146,0.58
1337,0037549,30346,0.7
1339,0103874,6114,0.74
1340,0026138,229,0.75
1341,0074258,13549,0.65
1342,0103919,9529,0.66
1343,0101540,1598,0.73
1344,0055824,11349,0.74
1345,0074285,7340,0.73
1346,0083722,6217,0.6
1347,0087800,377,0.73
1348,0013442,653,0.77
1349,0091651,28198,0.6
1350,0075005,794,0.74
1351,0115710,31640,0.57
1352,0115495,8744,0.57
1353,0117057,25189,0.67
1354,0115751,145,0.75
1355,0119791,2212,0.6
1356,0117731,199,0.73
1357,0117631,7863,0.74
1358,0117666,12498,0.75
1359,0116705,9279,0.6
1361,0117293,17204,0.76
1363,0117372,21539,0.58
1365,0117477,12709,0.7
1366,0115988,20539,0.66
1367,0115433,11674,0.59
1370,0099423,1573,0.7
1371,0079945,152,0.65
1372,0102975,174,0.7
1373,0098382,172,0.57
1374,0084726,154,0.74
1375,0088170,157,0.66
1376,0092007,168,0.71
1377,0103776,364,0.69
1378,0096487,11967,0.67
1379,0100994,9086,0.65
1380,0077631,621,0.74
1381,0084021,9037,0.52
1382,0100114,10173,0.61
1385,0105690,8845,0.63
1387,0073195,578,0.77
1388,0077766,579,0.6
1389,0085750,17692,0.45
1390,0117119,17795,0.6
1391,0116996,75,0.64
1392,0115906,13891,0.66
1393,0116695,9390,0.7
1394,0093822,378,0.71
1395,0094155,10896,0.63
1396,0105435,2322,0.69
1397,0115633,41240,0.72
1398,0116621,26949,0.6
1399,0116999,9819,0.67
1401,0116410,31908,0.66
1405,0115641,3179,0.66
1406,0112769,1802,0.73
1407,0117571,4232,0.74
1408,0104691,9361,0.74
1409,0117038,2928,0.57
1411,0116477,10549,0.73
1412,0117690,58102,0.66
1413,0118163,18451,0.65
1414,0117091,27265,0.66
1415,0118100,49935,0.61
1416,0116250,8818,0.61
1417,0117364,36758,0.6
1419,0067959,36040,0.73
1422,0119731,9415,0.61
1423,0116506,55146,0.0
1425,0119115,12145,0.61
1426,0120550,42424,0.53
1427,0120390,34314,0.53
1428,0112362,2892,0.64
1429,0116704,9404,0.65
1430,0120414,85242,0.52
1431,0118708,9622,0.57
1432,0119664,8860,0.57
1437,0106535,14832,0.68
1438,0118928,9619,0.62
1439,0119644,40506,0.47
1440,0106266,31000,0.54
1441,0106387,4104,0.7
1442,0119937,26306,0.66
1445,0119640,14908,0.45
1446,0116790,784,0.73
1447,0119225,12489,0.66
1449,0118111,16448,0.7
1453,0118691,17894,0.67
1454,0120238,28059,0.63
1456,0119887,17949,0.46
1457,0119141,1968,0.64
1458,0120357,61563,0.57
1459,0118548,66,0.66
1460,0120317,20735,0.5
1461,0120434,11419,0.6
1464,0116922,638,0.76
1465,0120036,25624,0.65
1466,0119008,9366,0.75
1468,0118750,21915,0.53
1473,0118702,19952,0.53
1474,0119432,9446,0.53
1475,0116743,28005,0.57
1476,0119951,9403,0.64
1477,0119572,27322,0.74
1479,0120053,10003,0.61
1480,0120152,9311,0.63
1483,0115964,884,0.64
1484,0116041,49806,0.65
1485,0119528,1624,0.67
1487,0120094,16052,0.77
1488,0118972,4477,0.62
1489,0118829,24662,0.72
1490,0118663,18423,0.53
1493,0116931,76996,0.55
1495,0120389,6499,0.57
1496,0118623,50512,0.6
1497,0119013,9405,0.51
1498,0119381,12723,0.63
1499,0118615,9360,0.52
1500,0119229,9434,0.69
1502,0116783,21626,0.64
1503,0118541,13982,0.5
1507,0119859,77223,0.64
1513,0120032,9611,0.62
1514,0116295,47694,0.68
1515,0120461,10357,0.59
1516,0115886,9977,0.56
1517,0118655,816,0.66
1518,0118771,2163,0.69
1519,0115760,124680,0.59
1526,0119109,12499,0.54
1527,0119116,18,0.76
1529,0119809,1811,0.68
1533,0117398,105045,0.65
1537,0117615,11239,0.73
1541,0118556,2058,0.61
1542,0115744,9450,0.7
1544,0119567,330,0.65
1545,0117359,38523,0.76
1546,0117561,16375,0.61
1547,0120118,33660,0.57
1549,0114303,45671,0.56
1550,0120373,17770,0.54
1551,0118787,15170,0.48
1552,0118880,1701,0.67
1554,0114134,26422,0.64
1556,0120179,1639,0.46
1562,0118688,415,0.44
1564,0120034,65889,0.65
1565,0116502,11103,0.59
1566,0119282,11970,0.75
1569,0119738,8874,0.66
1571,0115856,11956,0.62
1572,0057345,266,0.71
1573,0119094,754,0.7
1574,0119098,37567,0.67
1580,0119654,607,0.72
1581,0119848,18080,0.56
1582,0120512,38225,0.61
1583,0120133,17834,0.55
1584,0118884,686,0.74
1585,0116930,65046,0.61
1586,0119173,4421,0.65
1587,0082198,9387,0.68
1588,0119190,10603,0.56
1589,0118887,2142,0.68
1590,0119081,8413,0.65
1591,0120177,10336,0.54
1592,0118570,20737,0.56
1593,0119896,9413,0.58
1594,0119361,14585,0.67
1596,0118818,49462,0.65
1597,0118883,8834,0.66
1598,0118966,9458,0.6
1599,0120207,8854,0.43
1600,0120112,38295,0.59
1601,0119311,22073,0.64
1602,0119509,37244,0.54
1603,0119675,4961,0.61
1604,0119695,9416,0.6
1605,0119086,26180,0.6
1606,0119484,17832,0.51
1608,0118571,9772,0.65
1609,0118531,6072,0.66
1610,0099810,1669,0.74
1611,0102494,468,0.71
1612,0119465,32519,0.51
1613,0120197,108401,0.56
1614,0119360,10806,0.65
1615,0119051,9433,0.68
1616,0119874,6623,0.6
1617,0119488,2118,0.78
1619,0120102,978,0.72
1620,0119468,9437,0.65
1621,0120169,29461,0.63
1623,0120524,10351,0.6
1624,0120323,66588,0.58
1625,0119174,2649,0.76
1626,0119123,14289,0.57
1627,0120399,10155,0.66
1629,0119632,20457,0.62
1631,0118647,18355,0.63
1633,0120402,55306,0.65
1635,0119349,68924,0.69
1639,0118842,2255,0.68
1641,0119164,9427,0.7
1642,0116631,172545,0.49
1643,0119280,17589,0.68
1644,0119345,3597,0.6
1645,0118971,1813,0.75
1646,0120029,36797,0.52
1647,0119906,12628,0.54
1648,0119324,33344,0.62
1649,0119107,25099,0.68
1650,0120481,45019,0.61
1652,0120539,62422,0.57
1653,0119177,782,0.76
1654,0119095,29911,0.64
1655,0119891,9827,0.54
1656,0120257,1959,0.65
1658,0119535,8067,0.61
1659,0119338,125052,0.51
1660,0119080,45153,0.64
1661,0119210,10871,0.6
1662,0118900,14398,0.63
1663,0083131,10890,0.65
1665,0118689,1281,0.65
1667,0119592,9770,0.62
1670,0120490,14905,0.64
1671,0119527,14583,0.6
1672,0119978,11975,0.7
1673,0118749,4995,0.76
1674,0090329,9281,0.71
1675,0119365,45928,0.58
1676,0120201,563,0.71
1677,0118901,61337,0.64
1678,0107282,19931,0.71
1679,0118836,31535,0.37
1680,0120148,10215,0.66
1681,0119707,9823,0.45
1682,0120382,37165,0.81
1683,0120520,45609,0.66
1684,0119723,38904,0.56
1685,0116592,45565,0.51
1686,0119994,9407,0.63
1687,0119395,4824,0.64
1688,0118617,9444,0.76
1689,0120483,9414,0.64
1690,0118583,8078,0.62
1693,0118607,11831,0.7
1694,0118632,2895,0.63
1695,0123385,39177,0.59
1696,0118698,19601,0.68
1699,0118804,22797,0.68
1701,0118954,2639,0.73
1702,0119137,9574,0.57
1703,0119142,10371,0.59
1704,0119217,489,0.82
1707,0119303,9714,0.53
1711,0119668,8197,0.63
1713,0119715,6283,0.65
1717,0120082,4233,0.65
1718,0120222,191874,0.7
1719,0120255,10217,0.69
1721,0120338,597,0.79
1722,0120347,714,0.64
1726,0119925,9922,0.62
1727,0119314,547,0.69
1729,0119396,184,0.74
1730,0119485,9746,0.68
1731,0119718,9438,0.45
1732,0118715,115,0.78
1733,0118566,26941,0.6
1734,0119590,27103,0.7
1735,0119223,9410,0.66
1739,0118539,32302,0.49
1746,0120820,12538,0.62
1747,0120885,586,0.7
1748,0118929,2666,0.73
1752,0120696,11258,0.58
1753,0120693,9490,0.63
1754,0119099,9411,0.68
1755,0120122,25719,0.63
1757,0112913,11220,0.77
1759,0119815,21253,0.75
1760,0120185,6116,0.48
1762,0118956,9457,0.62
1767,0119734,39424,0.57
1769,0120008,11702,0.62
1770,0120594,2923,0.59
1771,0119784,12238,0.59
1772,0118747,11568,0.53
1777,0120888,11003,0.68
1779,0120184,10153,0.61
1783,0120782,30949,0.59
1784,0119822,2898,0.74
1785,0099939,9558,0.67
1791,0119594,26269,0.61
1792,0120873,11808,0.65
1793,0120491,6970,0.59
1794,0119574,47452,0.63
1797,0120661,21736,0.65
1798,0118744,17941,0.56
1799,0120241,10668,0.66
1801,0120744,9313,0.66
1804,0120769,42807,0.61
1805,0120890,617,0.64
1806,0125454,36568,0.68
1807,0120642,37272,0.58
1809,0119250,5910,0.77
1810,0119942,9440,0.63
1812,0120510,32911,0.55
1816,0124179,32456,0.53
1821,0120772,17127,0.58
1824,0119305,17133,0.56
1825,0119905,19848,0.64
1826,0120598,17644,0.42
1827,0124295,1774,0.67
1829,0118851,30265,0.59
1831,0120738,2157,0.54
1833,0120749,8838,0.63
1834,0120176,29193,0.68
1835,0120632,795,0.68
1836,0120728,16980,0.63
1837,0120773,27472,0.63
1839,0120765,47881,0.52
1840,0124718,9469,0.67
1841,0119196,12488,0.56
1844,0118819,267,0.7
1845,0120906,16148,0.62
1848,0118755,9449,0.6
1855,0120725,31220,0.46
1856,0138563,13907,0.6
1857,0119987,29825,0.56
1858,0117786,10622,0.65
1859,0120265,30020,0.77
1860,0119448,17139,0.74
1862,0120841,10216,0.52
1863,0120742,9771,0.49
1866,0120609,9448,0.59
1867,0120856,38618,0.42
1870,0118925,78373,0.69
1873,0119683,4415,0.72
1875,0118866,55561,0.61
1876,0120647,8656,0.62
1881,0120800,18937,0.68
1882,0120685,929,0.56
1883,0118798,9452,0.63
1884,0120669,1878,0.72
1885,0120777,9844,0.61
1887,0119053,14342,0.54
1888,0119313,9715,0.64
1889,0119375,26610,0.71
1891,0120401,40961,0.61
1892,0120787,1965,0.65
1893,0116692,312,0.68
1894,0120828,6068,0.61
1895,0127723,15037,0.62
1897,0139362,37636,0.63
1900,0118849,21334,0.79
1902,0116141,32284,0.52
1904,0122529,37410,0.66
1906,0119717,53765,0.58
1907,0120762,10674,0.79
1909,0120902,846,0.69
1910,0126344,12655,0.6
1911,0118998,3050,0.57
1912,0120780,1389,0.67
1913,0073540,11020,0.72
1914,0120321,20862,0.67
1916,0118789,9464,0.71
1917,0120591,95,0.68
1918,0122151,944,0.66
1919,0123987,35680,0.61
1920,0122718,11551,0.65
1921,0138704,473,0.71
1922,0140688,102304,0.63
1923,0129387,544,0.66
1924,0052077,10513,0.42
1926,0019729,65203,0.51
1927,0020629,143,0.78
1928,0021746,42861,0.55
1929,0022958,33680,0.69
1931,0026752,12311,0.73
1932,0027698,43277,0.62
1933,0029146,43278,0.66
1934,0030993,34106,0.75
1936,0035093,27367,0.7
1937,0036872,17661,0.67
1938,0037884,28580,0.76
1939,0036868,887,0.78
1940,0039416,33667,0.7
1941,0040416,23383,0.74
1942,0041113,25430,0.7
1944,0045793,11426,0.73
1945,0047296,654,0.79
1946,0048356,15919,0.75
1947,0055614,1725,0.73
1948,0057590,5769,0.59
1949,0060665,874,0.73
1950,0061811,10633,0.76
1951,0063385,17917,0.7
1952,0064665,3116,0.75
1953,0067116,1051,0.75
1954,0075148,1366,0.78
1955,0079417,12102,0.76
1956,0081283,16619,0.75
1957,0082158,9443,0.68
1958,0086425,11050,0.71
1959,0089755,606,0.72
1960,0093389,746,0.76
1961,0095953,380,0.78
1962,0097239,403,0.72
1963,0065063,11485,0.71
1964,0067309,466,0.68
1965,0087995,13820,0.66
1966,0100142,15389,0.69
1967,0091369,13597,0.73
1968,0088847,2108,0.77
1969,0089686,10014,0.58
1970,0093629,10072,0.67
1971,0095742,10131,0.59
1972,0097981,10160,0.54
1973,0101917,11284,0.53
1974,0080761,4488,0.64
1975,0082418,9725,0.62
1976,0083972,9728,0.59
1977,0087298,9730,0.61
1978,0089173,9731,0.53
1979,0091080,10225,0.62
1980,0095179,10281,0.55
1981,0097388,10283,0.5
1982,0077651,948,0.76
1983,0082495,11281,0.66
1984,0085636,10676,0.52
1985,0095271,11357,0.62
1986,0097474,11361,0.53
1987,0081383,36599,0.57
1990,0105179,41769,0.43
1991,0094862,10585,0.67
1992,0099253,11186,0.63
1993,0103956,11187,0.59
1994,0084516,609,0.71
1995,0091778,11133,0.6
1996,0095889,10306,0.52
1997,0070047,9552,0.77
1998,0076009,11586,0.45
1999,0099528,11587,0.62
2000,0093409,941,0.73
2001,0097733,942,0.7
2002,0104714,943,0.67
2003,0087363,927,0.71
2004,0099700,928,0.65
2005,0089218,9340,0.75
2006,0120746,9342,0.66
2007,0119910,38509,0.52
2008,0117898,60033,0.48
2009,0070723,12101,0.69
2010,0017136,19,0.81
2011,0096874,165,0.78
2012,0099088,196,0.75
2013,0069113,551,0.71
2014,0076054,16084,0.61
2015,0054594,17984,0.64
2016,0078790,22328,0.64
2017,0054649,32611,0.59
2018,0034492,3170,0.7
2019,0047478,346,0.85
2020,0094947,859,0.72
2021,0087182,841,0.62
2022,0095497,11051,0.72
2023,0099674,242,0.74
2024,0102757,1411,0.59
2025,0119558,9769,0.71
2026,0134619,9424,0.57
2027,0120741,9835,0.54
2028,0120815,857,0.82
2032,0066811,20173,0.55
2033,0088814,10957,0.64
2034,0078869,9570,0.58
2035,0062737,16249,0.67
2036,0109287,13962,0.59
2037,0075807,14612,0.69
2038,0077305,19378,0.59
2040,0065566,29228,0.6
2041,0082199,19379,0.55
2042,0109520,11164,0.62
2043,0052722,18887,0.67
2044,0082263,40866,0.58
2046,0091059,10122,0.69
2048,0091149,9994,0.71
2050,0080861,12129,0.52
2051,0076137,14140,0.59
2052,0107120,10439,0.7
2053,0104437,11158,0.52
2054,0097523,9354,0.63
2055,0077698,28736,0.59
2056,0056095,34774,0.64
2057,0057180,37969,0.66
2058,0120768,9631,0.71
2059,0120783,9820,0.72
2060,0131857,14013,0.61
2064,0098213,1779,0.71
2065,0089853,10849,0.74
2066,0039689,678,0.76
2067,0059113,907,0.75
2068,0083922,5961,0.78
2069,0090203,47908,0.73
2070,0086423,42121,0.67
2071,0106273,2887,0.65
2072,0096734,11974,0.68
2073,0089126,20348,0.67
2074,0071910,26648,0.68
2075,0082736,11911,0.72
2076,0090756,793,0.76
2077,0089385,35144,0.69
2078,0061852,9325,0.73
2080,0048280,10340,0.71
2081,0097757,10144,0.74
2082,0104868,10414,0.66
2083,0104940,10437,0.74
2084,0104990,15300,0.68
2085,0055254,12230,0.72
2087,0046183,10693,0.72
2088,0081353,11335,0.54
2089,0100477,11135,0.66
2090,0076618,11319,0.68
2091,0078158,14822,0.59
2092,0107952,15969,0.62
2093,0089908,13155,0.67
2094,0102803,10249,0.65
2095,0075200,15943,0.58
2096,0053285,10882,0.69
2097,0086336,24808,0.64
2098,0057518,19762,0.59
2099,0038969,13850,0.64
2100,0088161,2619,0.63
2102,0019422,53565,0.73
2103,0111359,41841,0.63
2104,0084783,27332,0.62
2105,0084827,97,0.67
2106,0108265,10419,0.67
2107,0120694,11675,0.6
2108,0102250,2107,0.65
2109,0079367,6471,0.69
2110,0083798,9442,0.66
2111,0085894,11591,0.62
2112,0101969,13697,0.65
2114,0086066,227,0.72
2115,0087469,87,0.73
2116,0077869,123,0.66
2117,0087803,9314,0.68
2118,0085407,11336,0.7
2119,0091499,9980,0.58
2120,0107665,10657,0.62
2121,0085382,10489,0.61
2122,0087050,10823,0.57
2123,0096787,11497,0.68
2124,0101272,2907,0.71
2125,0120631,9454,0.74
2126,0120832,8688,0.62
2130,0080388,23954,0.68
2131,0077711,12761,0.8
2132,0061184,396,0.77
2133,0092513,14367,0.69
2134,0090305,11814,0.65
2135,0061584,16081,0.61
2136,0057372,18331,0.66
2137,0070016,15171,0.68
2138,0078480,11837,0.72
2139,0084649,11704,0.74
2140,0083791,11639,0.71
2141,0090633,4978,0.67
2142,0101329,10380,0.63
2143,0089469,11976,0.62
2144,0088128,15144,0.68
2145,0091790,11522,0.67
2146,0090060,11557,0.61
2147,0090848,13853,0.52
2148,0091223,11415,0.61
2149,0093220,37530,0.55
2150,0080801,8393,0.73
2151,0097443,11937,0.7
2152,0140796,21661,0.5
2153,0118661,9320,0.44
2154,0120703,33644,0.59
2155,0120831,14662,0.63
2156,0133413,125124,0.74
2159,0099763,10692,0.67
2160,0063522,805,0.78
2161,0088323,34584,0.72
2162,0100240,34636,0.58
2163,0080391,2182,0.5
2164,0094077,28070,0.38
2165,0119517,77469,0.58
2166,0124595,10278,0.64
2167,0120611,36647,0.68
2169,0118301,14557,0.55
2170,0120901,9417,0.59
2171,0119778,41469,0.6
2172,0120692,19381,0.64
2174,0094721,4011,0.74
2175,0119033,161795,0.55
2176,0040746,1580,0.79
2177,0074512,5854,0.67
2178,0068611,573,0.71
2179,0065112,2370,0.6
2180,0061107,5780,0.66
2181,0058329,506,0.71
2182,0051207,22527,0.71
2183,0049470,574,0.75
2184,0048750,11219,0.7
2185,0045897,30159,0.71
2186,0044079,845,0.77
2187,0042994,1978,0.68
2188,0120577,3682,0.58
2190,0123324,46702,0.67
2193,0096446,847,0.7
2194,0094226,117,0.78
2195,0120654,14577,0.61
2196,0120724,37498,0.53
2201,0039694,31667,0.62
2202,0037017,13321,0.74
2203,0036342,21734,0.75
2204,0035279,31997,0.69
2205,0033922,24197,0.62
2206,0034248,11462,0.71
2207,0031505,31995,0.6
2208,0030341,940,0.74
2210,0028212,12684,0.67
2211,0028231,2761,0.61
2212,0025452,8208,0.64
2226,0018328,36056,0.58
2227,0017075,2760,0.71
2231,0128442,10220,0.7
2232,0123755,431,0.68
2236,0124879,22796,0.68
2239,0073817,37916,0.75
2240,0081207,21873,0.63
2241,0085346,21500,0.59
2243,0092699,12626,0.67
2244,0092537,37818,0.5
2245,0096463,3525,0.66
2247,0095593,2321,0.59
2248,0098258,2028,0.71
2249,0100212,16384,0.61
2252,0104412,10699,0.63
2253,0105629,11597,0.53
2255,0084938,47947,0.52
2256,0084472,48311,0.49
2257,0087810,44772,0.54
2259,0086973,14347,0.57
2260,0092225,41090,0.58
2261,0091680,18282,0.6
2262,0090583,18169,0.6
2263,0096073,11082,0.6
2264,0098625,5971,0.62
2265,0102558,11933,0.53
2266,0101523,20096,0.57
2267,0102469,30815,0.56
2268,0104257,881,0.75
2269,0107211,4478,0.64
2271,0120788,22318,0.6
2272,0120776,53113,0.65
2273,0120812,2109,0.71
2275,0118736,24746,0.62
2278,0122690,8195,0.7
2279,0146336,9877,0.57
2280,0118863,26618,0.62
2281,0119802,21132,0.57
2282,0126604,11855,0.61
2283,0100594,24016,0.65
2286,0080731,3486,0.48
2287,0047573,11071,0.68
2288,0084787,1091,0.81
2289,0105151,10403,0.72
2290,0081554,11337,0.7
2291,0099487,162,0.77
2292,0117276,25723,0.56
2294,0120587,8916,0.62
2295,0120823,28134,0.58
2296,0120770,9429,0.66
2297,0120889,12159,0.72
2298,0124102,27791,0.5
2300,0063462,30197,0.71
2301,0082517,10156,0.68
2302,0104952,10377,0.75
2303,0073440,3121,0.72
2304,0119577,4975,0.6
2306,0120701,9713,0.53
2307,0122642,134368,0.36
2310,0119670,9821,0.71
2311,0086837,4437,0.67
2312,0090830,1890,0.69
2313,0080678,1955,0.8
2314,0120603,39437,0.57
2315,0144120,11932,0.61
2316,0120791,6435,0.68
2318,0147612,10683,0.75
2320,0118636,9445,0.65
2321,0120789,2657,0.73
2322,0120157,9425,0.64
2323,0150230,32326,0.71
2324,0118799,637,0.84
2325,0124819,8675,0.61
2327,0100740,20701,0.62
2328,0120877,9945,0.63
2329,0120586,73,0.83
2330,0116481,18603,0.74
2331,0120722,46889,0.58
2332,0158493,12888,0.6
2333,0120684,3033,0.69
2334,0133952,9882,0.63
2335,0120484,10663,0.61
2336,0127536,4518,0.72
2337,0120879,1808,0.69
2338,0130018,3600,0.54
2339,0155753,17037,0.6
2340,0119643,297,0.73
2342,0116488,21589,0.67
2344,0089941,11893,0.69
2346,0073747,12223,0.67
2347,0087932,32081,0.63
2348,0091954,14924,0.67
2349,0091538,10002,0.69
2350,0099750,41817,0.55
2351,0050783,19426,0.8
2352,0085244,12560,0.68
2353,0120660,9798,0.7
2354,0134067,14444,0.62
2355,0120623,9487,0.7
2356,0120533,9466,0.6
2357,0140888,666,0.81
2358,0120070,2042,0.72
2359,0166396,10162,0.7
2360,0154420,309,0.77
2361,0069089,692,0.62
2362,0045826,24018,0.45
2363,0047034,1678,0.76
2364,0087344,39256,0.67
2365,0056142,1680,0.68
2366,0024216,244,0.76
2367,0074751,10730,0.62
2368,0091344,31947,0.51
2369,0089017,8130,0.61
2370,0089087,11532,0.66
2371,0089155,9749,0.67
2372,0097366,14628,0.6
2373,0089893,9626,0.53
2374,0091159,13698,0.6
2375,0091541,10466,0.65
2376,0090264,707,0.62
2377,0089489,11954,0.63
2378,0087928,9336,0.67
2379,0089822,10157,0.61
2380,0091777,12118,0.58
2381,0093756,10587,0.55
2382,0095882,11825,0.52
2383,0098105,11895,0.51
2384,0120595,9447,0.56
2385,0119304,12257,0.51
2387,0124198,10029,0.63
2388,0119248,27104,0.66
2389,0155975,11252,0.51
2390,0147004,8545,0.65
2391,0120324,10223,0.72
2392,0141109,9745,0.6
2393,0120844,200,0.64
2394,0120794,9837,0.73
2395,0128445,11545,0.74
2396,0138097,1934,0.69
2398,0039628,11881,0.74
2399,0089961,13764,0.63
2400,0098115,24951,0.6
2401,0089767,8879,0.72
2402,0089880,1369,0.66
2403,0083944,1368,0.75
2404,0095956,1370,0.62
2405,0089370,10303,0.62
2406,0088011,9326,0.68
2407,0088933,10328,0.66
2408,0094890,11285,0.65
2409,0079817,1367,0.73
2410,0084602,1371,0.69
2411,0089927,1374,0.71
2412,0100507,1375,0.58
2413,0088930,15196,0.72
2414,0090357,11904,0.67
2415,0092173,215875,0.5
2416,0090685,15596,0.63
2417,0091188,13818,0.6
2418,0091653,29968,0.58
2419,0091024,44326,0.61
2420,0087538,1885,0.72
2421,0091326,8856,0.63
2422,0097647,10495,0.59
2423,0097958,5825,0.72
2424,0128853,9489,0.67
2425,0120706,16885,0.67
2427,0120863,8741,0.75
2428,0133751,9276,0.65
2429,0120751,9822,0.63
2430,0041650,39314,0.63
2431,0129290,10312,0.73
2432,0120686,9441,0.71
2433,0120633,9422,0.64
2435,0119336,24525,0.55
2436,0120857,10368,0.64
2439,0118564,31662,0.63
2442,0150915,46992,0.67
2443,0145734,825,0.66
2445,0132512,15556,0.6
2446,0120710,28902,0.55
2447,0139699,14709,0.62
2448,0120458,9423,0.54
2450,0091225,10658,0.54
2451,0093075,6917,0.6
2453,0090768,24086,0.63
2454,0051622,11815,0.7
2455,0091064,9426,0.74
2456,0097368,10344,0.56
2457,0091875,15698,0.6
2458,0090660,2620,0.56
2459,0072271,30497,0.73
2460,0092076,16337,0.56
2462,0110978,16780,0.46
2463,0091877,12151,0.66
2465,0090917,33278,0.62
2467,0091605,192,0.75
2468,0091306,10945,0.61
2469,0091738,10013,0.61
2470,0090555,9671,0.64
2471,0092493,9396,0.58
2472,0092105,11038,0.59
2473,0091991,12278,0.53
2474,0090863,11873,0.69
2475,0090567,18588,0.59
2476,0091187,10015,0.69
2477,0091055,12715,0.53
2478,0092086,8388,0.63
2481,0151691,8129,0.72
2482,0149151,1618,0.67
2483,0112922,10722,0.73
2485,0160862,10314,0.63
2488,0054167,11167,0.74
2490,0120784,2112,0.68
2491,0145893,16172,0.55
2492,0138987,111794,0.5
2493,0128133,9524,0.67
2494,0174852,20595,0.75
2495,0070544,16306,0.77
2496,0124298,11622,0.68
2497,0139462,10207,0.63
2498,0120764,9849,0.56
2500,0155776,18892,0.63
2501,0132477,13466,0.77
2502,0151804,1542,0.74
2503,0156901,43978,0.63
2504,0137338,15256,0.59
2505,0134273,8224,0.65
2506,0123209,18417,0.64
2511,0070334,1847,0.74
2512,0084390,42113,0.75
2513,0098084,8913,0.66
2514,0105128,10906,0.54
2515,0106557,25748,0.48
2516,0109415,25749,0.47
2517,0085333,8769,0.69
2518,0084412,14742,0.6
2520,0065377,10671,0.64
2521,0071110,27932,0.57
2522,0075648,7227,0.56
2523,0076636,10670,0.6
2524,0072308,5919,0.7
2525,0080354,33518,0.6
2526,0079550,40160,0.51
2527,0070909,2362,0.68
2528,0074812,10803,0.66
2529,0063442,871,0.76
2530,0065462,1685,0.62
2531,0069768,1705,0.57
2532,0068408,1688,0.62
2533,0067065,1687,0.64
2534,0077189,166680,0.36
2535,0071455,11123,0.61
2537,0078856,31638,0.51
2538,0175550,113286,0.5
2539,0122933,9535,0.65
2540,0142192,9455,0.61
2541,0139134,796,0.68
2542,0120735,100,0.81
2544,0157208,77936,0.53
2546,0120646,30943,0.65
2548,0144814,7341,0.56
2549,0131646,10350,0.48
2550,0057129,11772,0.71
2551,0094964,9540,0.71
2552,0107626,31503,0.57
2553,0054443,11773,0.72
2554,0056931,30202,0.61
2555,0118665,22345,0.41
2557,0157016,1567,0.75
2558,0141098,1641,0.54
2559,0160429,47288,0.54
2560,0129332,10212,0.68
2561,0139668,10354,0.65
2563,0118892,8583,0.71
2565,0049408,16520,0.71
2566,0187819,16508,0.55
2567,0131369,11374,0.6
2568,0120757,16379,0.43
2570,0120613,28029,0.6
2571,0133093,603,0.82
2572,0147800,4951,0.76
2573,0120274,65749,0.66
2574,0129280,8970,0.58
2575,0120449,9840,0.7
2577,0119665,30950,0.59
2579,0154506,11660,0.71
2580,0139239,9430,0.69
2581,0151738,11355,0.62
2582,0105399,18764,0.67
2583,0126250,9465,0.64
2585,0133363,1414,0.74
2586,0119219,49981,0.57
2587,0123964,6522,0.67
2589,0143261,114719,0.52
2590,0136244,10209,0.61
2593,0110570,22826,0.7
2594,0125659,1902,0.75
2596,0133189,6396,0.71
2597,0120836,39964,0.51
2598,0120797,12596,0.59
2599,0126886,9451,0.69
2600,0120907,1946,0.68
2605,0137494,1844,0.62
2606,0138510,6552,0.62
2607,0162973,24584,0.68
2609,0115669,25471,0.74
2611,0155388,28519,0.67
2612,0037913,3309,0.76
2613,0087799,18462,0.62
2614,0090837,28941,0.58
2615,0089652,18252,0.62
2616,0099422,8592,0.61
2617,0120616,564,0.69
2618,0118826,13852,0.71
2620,0120865,25232,0.54
2622,0140379,10210,0.64
2623,0160298,53862,0.54
2624,0165078,17962,0.72
2625,0115693,9460,0.62
2628,0120915,1893,0.66
2629,0166252,31342,0.51
2630,0149723,44297,0.67
2632,0059643,8785,0.79
2633,0023245,15849,0.67
2634,0053085,18990,0.67
2639,0082766,15660,0.64
2640,0078346,1924,0.71
2641,0081573,8536,0.67
2642,0086393,9531,0.55
2643,0094074,11411,0.46
2644,0021814,138,0.72
2648,0021884,3035,0.75
2651,0035899,3076,0.62
2652,0050280,3079,0.68
2654,0034398,13666,0.7
2655,0089308,29794,0.5
2656,0048696,9077,0.65
2657,0073629,36685,0.75
2659,0084156,30168,0.53
2660,0044121,10785,0.67
2661,0045920,19483,0.63
2662,0046534,8974,0.68
2664,0049366,11549,0.75
2665,0049169,18158,0.6
2668,0084745,17918,0.54
2669,0053183,37305,0.65
2670,0052151,18784,0.7
2671,0125439,509,0.73
2672,0139809,1090,0.7
2674,0126859,15059,0.57
2676,0128278,12117,0.65
2677,0186508,11779,0.75
2681,0141105,13533,0.59
2682,0164085,62676,0.66
2683,0145660,817,0.63
2686,0120802,14283,0.74
2687,0120855,37135,0.74
2688,0144214,2275,0.64
2690,0122541,24137,0.64
2691,0120731,10376,0.83
2692,0130827,104,0.73
2693,0120370,15800,0.63
2694,0142342,9032,0.65
2695,0139898,13821,0.63
2696,0119038,9421,0.78
2697,0119743,55955,0.5
2698,0120554,67067,0.47
2699,0099052,6488,0.64
2700,0158983,9473,0.73
2701,0120891,8487,0.53
2702,0162677,10279,0.65
2706,0163651,2105,0.66
2707,0137363,1073,0.7
2708,0137439,10239,0.71
2709,0158811,10208,0.6
2710,0185937,2667,0.63
2712,0120663,345,0.75
2713,0139414,9825,0.59
2716,0087332,620,0.75
2717,0097428,2978,0.66
2718,0157503,10490,0.64
2719,0171363,11618,0.55
2720,0141369,332,0.45
2722,0149261,8914,0.6
2723,0132347,9824,0.58
2724,0163187,4806,0.61
2725,0162830,33430,0.71
2726,0049406,247,0.77
2727,0048254,10056,0.64
2728,0054331,967,0.75
2729,0056193,802,0.73
2730,0072684,3175,0.8
2731,0053198,147,0.8
2732,0055032,1628,0.76
2733,0096378,21185,0.57
2734,0091557,11120,0.64
2735,0091129,10136,0.59
2736,0090774,32060,0.65
2737,0092585,48686,0.55
2738,0090886,48259,0.61
2739,0088939,873,0.78
2740,0091343,48660,0.6
2741,0091637,26789,0.58
2742,0092068,3934,0.66
2743,0091613,108312,0.56
2744,0091699,198469,0.59
2745,0091530,11416,0.74
2746,0091419,10776,0.69
2747,0054033,24452,0.62
2748,0092534,9710,0.47
2749,0091554,31924,0.59
2750,0093818,30890,0.71
2751,0093051,24081,0.59
2752,0093690,20242,0.6
2754,0092850,66194,0.5
2757,0083967,3526,0.69
2759,0144168,16406,0.59
2761,0129167,10386,0.8
2762,0167404,745,0.8
2763,0155267,913,0.67
2764,0063688,912,0.68
2765,0122515,12229,0.63
2766,0168449,67323,0.54
2769,0138946,19457,0.62
2770,0131325,11353,0.62
2771,0120620,17707,0.64
2772,0165710,9781,0.67
2774,0168987,18212,0.6
2775,0138487,13817,0.63
2779,0077663,12185,0.66
2782,0055304,28501,0.69
2784,0058333,25319,0.66
2786,0091178,24103,0.54
2787,0088889,10552,0.67
2788,0066765,9267,0.72
2789,0077394,10766,0.64
2790,0082377,10768,0.58
2791,0080339,813,0.73
2792,0083530,2665,0.61
2793,0118604,9406,0.6
2794,0089670,11418,0.62
2795,0085995,11153,0.71
2796,0095188,14170,0.62
2797,0094737,2280,0.72
2798,0100419,11077,0.61
2799,0102719,28597,0.59
2800,0104740,22611,0.69
2801,0119843,39780,0.63
2802,0096244,10396,0.61
2803,0107798,9944,0.66
2804,0085334,850,0.73
2805,0130121,10154,0.57
2806,0133046,10342,0.55
2807,0176269,10366,0.59
2808,0105698,9349,0.63
2810,0156887,10494,0.83
2812,0160401,22314,0.64
2813,0181833,51679,0.51
2815,0091278,11037,0.55
2816,0095382,11955,0.44
2817,0103617,2038,0.41
2818,0113438,28737,0.33
2819,0073802,11963,0.73
2820,0058175,141489,0.65
2822,0104839,9096,0.6
2824,0181733,113273,0.65
2826,0120657,1911,0.67
2827,0138304,2900,0.56
2828,0160236,17709,0.41
2829,0164108,37718,0.52
2835,0163579,2162,0.49
2836,0125971,14578,0.58
2837,0126810,40694,0.62
2839,0157183,49184,0.72
2840,0145531,10307,0.63
2841,0164181,11601,0.67
2843,0118843,1075,0.77
2844,0151582,21719,0.54
2846,0097050,47951,0.65
2847,0031762,43832,0.72
2848,0045251,47697,0.74
2851,0081454,,
2852,0088146,26522,0.68
2856,0059297,28295,0.62
2857,0063823,12105,0.71
2858,0169547,14,0.8
2859,0088178,24128,0.83
2860,0181316,11001,0.65
2861,0126916,10390,0.65
2862,0080491,9453,0.6
2863,0058182,704,0.73
2865,0173390,142132,0.5
2866,0077280,24153,0.72
2867,0089175,11797,0.7
2868,0097390,18086,0.63
2870,0061385,17887,0.71
2871,0068473,10669,0.73
2872,0082348,11527,0.69
2874,0050814,40867,0.62
2875,0108185,1049,0.63
2876,0111419,28032,0.64
2877,0073812,11326,0.65
2878,0082511,28377,0.55
2879,0099558,10975,0.73
2880,0091431,10974,0.7
2881,0150377,10398,0.66
2882,0120716,2290,0.67
2883,0140397,24071,0.65
2884,0129884,62994,0.55
2885,0160338,60994,0.59
2886,0159421,16112,0.63
2887,0168172,32305,0.28
2888,0164114,14429,0.66
2889,0134618,15198,0.62
2890,0120188,6415,0.67
2891,0162360,24066,0.57
2892,0133122,21430,0.53
2893,0134033,10381,0.6
2894,0194314,171982,0.6
2896,0060095,60285,0.62
2897,0087188,5622,0.72
2898,0106664,10349,0.6
2899,0031397,42518,0.62
2900,0095652,29787,0.63
2901,0079714,9638,0.65
2902,0086154,10576,0.65
2903,0091799,12662,0.56
2905,0056443,11712,0.79
2906,0156934,12618,0.55
2907,0167427,13824,0.53
2908,0171804,226,0.74
2912,0165854,10388,0.66
2915,0086200,9346,0.66
2916,0100802,861,0.73
2917,0082089,14412,0.7
2918,0091042,9377,0.76
2919,0086617,11541,0.66
2921,0068699,11901,0.73
2922,0061747,4929,0.68
2924,0080179,11230,0.74
2925,0065571,8416,0.77
2926,0095270,11054,0.68
2927,0037558,851,0.77
2928,0087980,24453,0.63
2929,0082979,18254,0.69
2930,0176093,56235,0.69
2931,0097223,20123,0.77
2932,0077405,16642,0.75
2935,0033804,3086,0.72
2936,0034240,16305,0.74
2937,0035169,32255,0.7
2939,0046126,19997,0.68
2940,0038559,3767,0.75
2941,0052225,17352,0.61
2942,0085549,535,0.65
2943,0104507,2731,0.7
2944,0061578,1654,0.76
2946,0059260,14831,0.69
2947,0058150,658,0.73
2948,0057076,657,0.71
2949,0055928,646,0.7
2950,0080453,5689,0.62
2951,0058461,391,0.78
2952,0119256,8052,0.69
2953,0104431,772,0.67
2956,0094008,31650,0.59
2959,0137523,550,0.84
2961,0160916,12220,0.61
2962,0119114,1610,0.65
2964,0192194,42881,0.69
2965,0203408,29064,0.47
2966,0166896,404,0.77
2967,0048977,42196,0.71
2968,0081633,36819,0.66
2969,0061138,42726,0.73
2970,0083946,9343,0.76
2971,0078754,16858,0.74
2972,0093206,42006,0.72
2973,0097123,11562,0.74
2974,0200469,10496,0.46
2975,0168501,16162,0.67
2976,0163988,8649,0.66
2977,0142201,31306,0.6
2978,0144640,10563,0.57
2979,0172627,14484,0.47
2982,0099710,32043,0.57
2983,0059319,15247,0.68
2984,0067527,29251,0.68
2985,0093870,5548,0.73
2986,0100502,5549,0.6
2987,0096438,856,0.75
2988,0081150,38772,0.64
2989,0082398,699,0.65
2990,0097742,709,0.64
2991,0070328,253,0.65
2992,0091829,13511,0.53
2993,0059800,660,0.66
2995,0185371,11377,0.56
2996,0166943,26149,0.67
2997,0120601,492,0.74
3000,0119698,128,0.83
3002,0200849,8672,0.73
3003,0170705,8056,0.73
3004,0120596,2020,0.52
3005,0145681,9481,0.68
3006,0140352,9008,0.75
3007,0181288,14242,0.76
3008,0156729,16129,0.66
3010,0200071,11489,0.73
3011,0065088,28145,0.76
3013,0099180,18111,0.65
3014,0082121,31361,0.6
3015,0077355,11223,0.67
3016,0083767,16281,0.69
3017,0092796,16288,0.63
3018,0089885,1694,0.71
3019,0097240,476,0.71
3020,0106856,37094,0.74
3021,0082427,13555,0.58
3022,0017925,961,0.8
3024,0078087,24831,0.59
3028,0061407,25560,0.69
3029,0082817,21610,0.64
3030,0055630,11878,0.81
3031,0100475,11510,0.51
3032,0067525,11234,0.61
3033,0094012,957,0.68
3034,0070608,11886,0.73
3035,0048380,37853,0.7
3036,0082484,62204,0.71
3037,0065988,11040,0.75
3038,0050371,21849,0.76
3039,0086465,1621,0.72
3040,0079540,14035,0.58
3041,0087700,40771,0.41
3042,0093516,40772,0.44
3043,0104837,40773,0.47
3044,0101669,11498,0.64
3045,0105130,11790,0.65
3046,0113416,29371,0.64
3048,0083254,47941,0.5
3051,0149691,21349,0.61
3052,0120655,1832,0.69
3053,0151137,10047,0.64
3054,0190641,10228,0.69
3055,0165773,47692,0.63
3056,0160620,18561,0.61
3057,0118150,144953,0.57
3060,0101605,11663,0.73
3061,0034862,13485,0.7
3062,0056197,9289,0.76
3063,0105156,9264,0.54
3064,0119908,18222,0.48
3066,0066473,11165,0.72
3067,0095675,4203,0.74
3068,0084855,24226,0.74
3070,0086856,11379,0.6
3071,0094027,29154,0.76
3072,0093565,2039,0.68
3073,0059674,77915,0.63
3074,0068762,11943,0.73
3075,0059646,11481,0.74
3076,0057187,2690,0.74
3077,0164312,20565,0.76
3078,0165859,27141,0.68
3079,0178737,10399,0.67
3081,0162661,2668,0.72
3082,0143145,36643,0.63
3083,0185125,99,0.76
3086,0024852,25898,0.64
3087,0096061,9647,0.68
3088,0042546,11787,0.77
3089,0040522,5156,0.82
3090,0093509,24276,0.73
3091,0080979,11953,0.78
3093,0067411,29005,0.72
3094,0093512,26371,0.76
3095,0032551,596,0.78
3096,0050738,52470,0.63
3097,0033045,20334,0.82
3098,0087781,11393,0.69
3099,0073692,31121,0.6
3100,0105265,293,0.7
3101,0093010,10998,0.68
3102,0089360,12235,0.63
3103,0100680,36094,0.64
3104,0095631,9013,0.72
3105,0099077,11005,0.78
3106,0099291,59820,0.61
3107,0101393,2924,0.67
3108,0101889,177,0.73
3109,0088007,38557,0.62
3111,0087921,13681,0.72
3112,0090556,34760,0.74
3113,0146675,9946,0.61
3114,0120363,863,0.76
3115,0155711,31582,0.62
3117,0134154,22267,0.63
3120,0104114,10411,0.6
3125,0172396,20024,0.66
3127,0144715,13787,0.56
3129,0158371,9684,0.68
3130,0099165,9586,0.56
3132,0010040,70801,0.61
3134,0028950,777,0.78
3135,0079239,21887,0.67
3138,0096171,32331,0.63
3141,0100828,32669,0.6
3142,0096328,18161,0.72
3143,0063056,31681,0.69
3145,0150216,32274,0.65
3146,0205000,10402,0.6
3147,0120689,497,0.85
3148,0124315,1715,0.7
3150,0141974,42739,0.68
3152,0067328,25188,0.76
3153,0051337,15515,0.69
3155,0166485,1439,0.68
3156,0182789,2277,0.73
3157,0164912,10137,0.61
3158,0162866,10387,0.69
3159,0120910,49948,0.7
3160,0175880,334,0.77
3161,0119079,30237,0.62
3162,0174204,50116,0.49
3163,0151568,46435,0.66
3165,0106455,22213,0.49
3167,0066892,36492,0.66
3168,0064276,624,0.71
3169,0087231,26578,0.64
3171,0053226,43103,0.68
3173,0146838,9563,0.68
3174,0125664,1850,0.72
3175,0177789,926,0.71
3176,0134119,1213,0.72
3177,0195945,10471,0.65
3178,0174856,10400,0.74
3179,0145653,10397,0.73
3181,0120866,12524,0.65
3182,0192335,28216,0.7
3183,0174268,36773,0.58
3185,0120834,10219,0.6
3186,0172493,3558,0.76
3189,0156812,17908,0.67
3190,0134983,10384,0.49
3192,0169302,48233,0.68
3194,0070903,10236,0.69
3196,0046359,632,0.77
3197,0095897,11851,0.58
3198,0070511,5924,0.78
3200,0070290,14886,0.7
3201,0065724,26617,0.71
3203,0097162,10493,0.66
3204,0077269,16241,0.67
3206,0086859,22160,0.57
3208,0107659,9644,0.6
3210,0083929,13342,0.68
3211,0094924,35119,0.67
3213,0106364,14919,0.75
3214,0088707,14040,0.62
3217,0029606,22692,0.72
3219,0100318,2990,0.62
3221,0083851,10831,0.71
3223,0090366,33078,0.7
3224,0058625,16672,0.82
3225,0186975,10472,0.52
3230,0071935,21489,0.66
3235,0081748,13005,0.59
3238,0120662,18681,0.49
3240,0156639,20468,0.59
3241,0201840,14521,0.66
3243,0104187,10406,0.58
3244,0076095,14741,0.69
3246,0104797,1883,0.75
3247,0105417,2005,0.68
3248,0108147,6279,0.64
3249,0104389,11087,0.69
3250,0106246,7305,0.69
3251,0088683,24735,0.62
3252,0105323,9475,0.78
3253,0105793,8872,0.67
3254,0108525,8873,0.61
3255,0104694,11287,0.72
3256,0105112,9869,0.67
3257,0103855,619,0.67
3258,0104070,9374,0.68
3259,0104231,11259,0.68
3260,0104454,8293,0.7
3261,0105415,11068,0.64
3262,0105665,1923,0.74
3263,0105812,10158,0.66
3264,0103893,10206,0.56
3265,0104684,11782,0.75
3266,0103905,10086,0.72
3267,0104815,9367,0.67
3268,0105477,9876,0.53
3269,0104291,10326,0.65
3270,0104040,16562,0.72
3271,0105046,9609,0.72
3272,0103759,12143,0.7
3273,0134084,4234,0.6
3274,0105414,9605,0.63
3275,0144117,8374,0.73
3276,0171356,29076,0.52
3280,0069754,28156,0.59
3281,0144801,113096,0.64
3283,0067433,24349,0.67
3284,0067848,27841,0.69
3285,0163978,1907,0.65
3286,0184907,15489,0.51
3287,0220099,15655,0.65
3289,0209189,36210,0.74
3294,0074455,30062,0.55
3295,0107920,62463,0.69
3296,0062376,25934,0.75
3298,0181984,14181,0.67
3299,0162983,10385,0.52
3300,0134847,2787,0.68
3301,0190138,2069,0.64
3302,0159272,61416,0.59
3303,0221023,79515,0.69
3306,0018773,28978,0.8
3307,0021749,901,0.83
3308,0087265,25010,0.6
3310,0012349,10098,0.82
3313,0084395,33374,0.5
3315,0043618,127602,0.59
3316,0184858,2155,0.57
3317,0185014,11004,0.68
3323,0194368,20682,0.57
3324,0186045,25166,0.55
3325,0156841,1831,0.53
3326,0181151,10416,0.55
3327,0218043,14271,0.73
3328,0165798,4816,0.73
3329,0094347,19958,0.71
3330,0055471,28569,0.75
3331,0085980,2193,0.5
3334,0040506,11016,0.75
3338,0097372,20423,0.78
3341,0042276,24481,0.72
3342,0086969,11296,0.71
3344,0056875,28172,0.48
3345,0062793,57855,0.57
3347,0086005,14280,0.7
3350,0055353,29478,0.76
3353,0218112,73642,0.57
3354,0183523,2067,0.6
3355,0142688,622,0.65
3357,0181530,28463,0.66
3358,0101698,12186,0.69
3359,0078902,20283,0.71
3360,0091217,5693,0.71
3361,0094812,287,0.66
3362,0072890,968,0.78
3363,0069704,838,0.7
3364,0042208,16958,0.75
3365,0049730,3114,0.77
3368,0051411,12501,0.76
3370,0094731,31618,0.6
3372,0064110,15873,0.67
3374,0104057,68427,0.64
3378,0118043,48213,0.64
3379,0053137,35412,0.66
3384,0072251,8333,0.75
3385,0090274,19259,0.55
3386,0102138,820,0.76
3387,0098645,11718,0.59
3388,0093148,8989,0.61
3389,0091400,32031,0.62
3390,0091934,58048,0.43
3391,0094321,26827,0.55
3392,0098309,11157,0.59
3393,0092834,28370,0.67
3394,0092666,918,0.6
3395,0093596,61178,0.54
3396,0079588,11176,0.72
3397,0082474,14900,0.68
3398,0087755,11899,0.65
3400,0108526,18890,0.61
3401,0088760,19736,0.52
3402,0090219,123047,0.66
3403,0081400,24575,0.53
3404,0046435,16535,0.66
3405,0051994,10971,0.76
3406,0043379,23928,0.68
3408,0195685,462,0.74
3409,0195714,9532,0.66
3410,0180181,117259,0.4