2024-11-24 10:28:39,git,150896,15864,53
2024-11-24 10:28:39,github,34263,5929,20
2024-11-24 10:28:39,docker,16691,1824,6
2024-11-24 10:28:39,eclipse,16219,1889,6
2024-11-24 10:28:39,version-control,14131,1395,5
2024-11-24 10:31:17,git,150896,15864,53
2024-11-24 10:31:17,github,34263,5929,20
2024-11-24 10:31:17,docker,16691,1824,6
2024-11-24 10:31:17,eclipse,16219,1889,6
2024-11-24 10:31:17,version-control,14131,1395,5
2024-11-24 10:31:37,git,150896,15864,53
2024-11-24 10:31:37,github,34263,5929,20
2024-11-24 10:31:37,docker,16691,1824,6
2024-11-24 10:31:37,eclipse,16219,1889,6
2024-11-24 10:31:37,version-control,14131,1395,5
2024-11-24 10:31:53,git,150896,15864,53
2024-11-24 10:31:53,github,34263,5929,20
2024-11-24 10:31:53,docker,16691,1824,6
2024-11-24 10:31:53,eclipse,16219,1889,6
2024-11-24 10:31:53,version-control,14131,1395,5
